<?xml version="1.0" encoding="utf-8"?>
<resources>
	<string name="app_name">eCadCon</string>
	<string name="sex_prompt">Sexo</string>
	<string-array name="sex_array">
		<item>Masculino</item>
		<item>Femino</item>
		<item>Outros</item>
	</string-array>
	<string name="color_prompt">Cor</string>
	<string-array name="color_array">
		<item>Branco</item>
		<item>Negro</item>
		<item>Índio</item>
		<item>Oriental</item>
		<item>Mestiço</item>
		<item>Outros</item>
	</string-array>
	<string name="relationship_prompt">Parentesco com o Responsável</string>
	<string-array name="relationship_array">
		<item>Filha(o)</item>
		<item>Sobrinha(o)</item>
		<item>Irmã(o)</item>
		<item>Prima(o)</item>
		<item>Outros</item>
	</string-array>
	<string name="relationship_status_prompt">Estado Civil</string>
	<string-array name="relationship_status_array">
		<item>Solteiro(a)</item>
		<item>União estável</item>
		<item>Casado(a)</item>
		<item>Separado(a)</item>
		<item>Viúvo(a)</item>
		<item>Outros</item>
	</string-array>
	<string name="income_type_prompt">Tipo de Renda</string>
	<string-array name="income_type_array">
		<item>Fixa (mensal)</item>
		<item>Fixa (semanal)</item>
		<item>Fixa (diária)</item>
		<item>Variável (por hora)</item>
		<item>Comissionado(a)</item>
		<item>Outros</item>
	</string-array>
	<string name="contract_type_prompt">Tipo de Contrato</string>
	<string-array name="contract_type_array">
		<item>Autônomo(a)</item>
		<item>CLT</item>
		<item>Profissional Liberal</item>
		<item>Concursado</item>
		<item>Outros</item>
	</string-array>
	<string name="work_type_prompt">Regime de Trabalho</string>
	<string-array name="work_type_array">
		<item>Integral</item>
		<item>Meio-expediente</item>
		<item>Estágio</item>
		<item>Outros</item>
	</string-array>
	<string name="education_prompt">Grau de Escolarização</string>
	<string-array name="education_array">
		<item>Não-escolarizado</item>
		<item>Ensino Básico</item>
		<item>Ensino Médio</item>
		<item>Ensino Superior</item>
		<item>Pós-graduado</item>
		<item>Mestre</item>
		<item>Doutor</item>
		<item>Pós-doutourado</item>
	</string-array>
	<string name="rent_prompt">Casa Própria ou Alugada</string>
	<string-array name="rent_array">
		<item>Própria</item>
		<item>Alugada</item>
		<item>Da família</item>
		<item>Outros</item>
	</string-array>
	<string name="house_level_prompt">Nível de Moradia</string>
	<string-array name="house_level_array">
		<item>Térreo</item>
		<item>Múltiplos pavimentos</item>
		<item>Prédio</item>
		<item>Outros</item>
	</string-array>
	<string name="house_type_prompt">Tipo de Residência</string>
	<string-array name="house_type_array">
		<item>Casa</item>
		<item>Sobrado</item>
		<item>Prédio</item>
		<item>Condomínio Fechado</item>
		<item>Outros</item>
	</string-array>
	<string name="comfort_level_prompt">Nível de Conforto Doméstico</string>
	<string-array name="comfort_level_array">
		<item>Alto</item>
		<item>Médio</item>
		<item>Baixo</item>
	</string-array>
	<string name="floor_material_prompt">Material Predominandte no Piso</string>
	<string-array name="floor_material_array">
		<item>Cimento Crú</item>
		<item>Carpete</item>
		<item>Madeira</item>
		<item>Sinteco</item>
		<item>Borracha</item>
		<item>Piso frio</item>
		<item>Terra</item>
		<item>Outros</item>
	</string-array>
	<string name="wall_material_prompt">Material Predominante na Parede</string>
	<string-array name="wall_material_array">
		<item>Gesso</item>
		<item>Drywall</item>
		<item>Calfinado</item>
		<item>Azuleijo</item>
		<item>Barro</item>
		<item>Tijolo Crú</item>
		<item>Outros</item>
	</string-array>
    <string name="progress_dialog_title_downloading">Baixando...</string>
    <string name="progress_dialog_title_uploading">Enviando...</string>
    <string name="progress_dialog_title_connecting">Conectando...</string>
    <string name="progress_dialog_message_prefix_downloading">Baixando arquivo</string>
    <string name="progress_dialog_message_prefix_uploading">Enviando arquivo</string>
    <string name="progress_dialog_message_prefix_connecting">Conectando a</string>
    <string name="user_message_download_complete">Download completo!</string>
    <string name="user_message_upload_complete">Envio completo!</string>
    <string name="user_message_download_canceled">Download cancelado!</string>
    <string name="user_message_upload_canceled">Envio cancelado!</string>
    <string name="error_message_bad_url">Erro: Endereço inválido!</string>
    <string name="error_message_file_not_found">Erro: Arquivo não encontrado!</string>
    <string name="error_message_general">Erro na transferência!</string>
</resources>
